{"initial_reset_timestamp": 1636834202.461403, "timestamps": [1636834204.7070765, 1636834206.972118, 1636834207.1244495, 1636834207.167592, 1636834207.2285466, 1636834207.2894819, 1636834207.3403177, 1636834207.4014585, 1636834209.5811372, 1636834209.7244515, 1636834209.766855, 1636834209.808585, 1636834209.8650362, 1636834209.921032, 1636834209.9889338, 1636834210.002558, 1636834210.0154417, 1636834210.050606, 1636834210.0904777, 1636834210.126303, 1636834210.1799295, 1636834210.2435064, 1636834210.2850826, 1636834210.3472848, 1636834210.3788521, 1636834210.4467885, 1636834210.4804194, 1636834212.4413419, 1636834212.5777068, 1636834212.618353, 1636834212.6704614, 1636834212.717623, 1636834212.7615228, 1636834212.8313498, 1636834212.8930213, 1636834212.9529595, 1636834213.0050611, 1636834213.0636492, 1636834213.0917063, 1636834213.126247, 1636834213.1890783, 1636834213.2502053, 1636834213.3111088, 1636834213.3589277, 1636834213.3910744, 1636834213.44885, 1636834213.4833813, 1636834213.5401511, 1636834213.5889, 1636834213.6579342, 1636834213.7038112, 1636834213.7714033, 1636834213.8396606, 1636834213.9002604, 1636834213.9475665, 1636834214.0057251, 1636834214.0450025, 1636834214.1078734, 1636834214.1454375, 1636834214.182026, 1636834214.242474, 1636834214.2585132, 1636834214.3190384, 1636834214.3607192, 1636834216.5293403, 1636834216.663258, 1636834216.7133777, 1636834216.7759235, 1636834216.8360748, 1636834216.8948483, 1636834216.942742, 1636834216.9790537, 1636834217.0369582, 1636834217.0946898, 1636834217.1425488, 1636834217.2028792, 1636834217.2609658, 1636834217.3172371, 1636834217.371691, 1636834217.4350567, 1636834217.4457333, 1636834217.4830434, 1636834217.5499127, 1636834217.6126087, 1636834217.6630518, 1636834217.7228024, 1636834217.761414, 1636834217.8180437, 1636834217.8807166, 1636834217.9424176, 1636834218.0012627, 1636834218.0607033, 1636834218.1285617, 1636834218.1864986, 1636834218.2282035, 1636834218.2943518, 1636834218.3333333, 1636834218.3875651, 1636834218.441247, 1636834218.5008876], "episode_lengths": [196, 200, 200, 139, 200, 200, 171, 200, 200, 200, 200, 125, 165, 163, 200, 40, 39, 117, 135, 119, 176, 200, 139, 200, 108, 200, 150, 180, 200, 173, 200, 200, 155, 200, 196, 200, 180, 200, 96, 118, 200, 200, 200, 165, 111, 200, 119, 175, 168, 200, 148, 200, 200, 200, 161, 200, 136, 200, 130, 126, 200, 54, 200, 143, 200, 200, 200, 200, 200, 200, 162, 124, 200, 200, 154, 200, 200, 178, 174, 200, 36, 126, 200, 200, 168, 200, 117, 171, 200, 200, 200, 200, 200, 200, 137, 200, 132, 179, 184, 200], "episode_rewards": [196.0, 200.0, 200.0, 139.0, 200.0, 200.0, 171.0, 200.0, 200.0, 200.0, 200.0, 125.0, 165.0, 163.0, 200.0, 40.0, 39.0, 117.0, 135.0, 119.0, 176.0, 200.0, 139.0, 200.0, 108.0, 200.0, 150.0, 180.0, 200.0, 173.0, 200.0, 200.0, 155.0, 200.0, 196.0, 200.0, 180.0, 200.0, 96.0, 118.0, 200.0, 200.0, 200.0, 165.0, 111.0, 200.0, 119.0, 175.0, 168.0, 200.0, 148.0, 200.0, 200.0, 200.0, 161.0, 200.0, 136.0, 200.0, 130.0, 126.0, 200.0, 54.0, 200.0, 143.0, 200.0, 200.0, 200.0, 200.0, 200.0, 200.0, 162.0, 124.0, 200.0, 200.0, 154.0, 200.0, 200.0, 178.0, 174.0, 200.0, 36.0, 126.0, 200.0, 200.0, 168.0, 200.0, 117.0, 171.0, 200.0, 200.0, 200.0, 200.0, 200.0, 200.0, 137.0, 200.0, 132.0, 179.0, 184.0, 200.0], "episode_types": ["t", "t", "t", "t", "t", "t", "t", "t", "t", "t", "t", "t", "t", "t", "t", "t", "t", "t", "t", "t", "t", "t", "t", "t", "t", "t", "t", "t", "t", "t", "t", "t", "t", "t", "t", "t", "t", "t", "t", "t", "t", "t", "t", "t", "t", "t", "t", "t", "t", "t", "t", "t", "t", "t", "t", "t", "t", "t", "t", "t", "t", "t", "t", "t", "t", "t", "t", "t", "t", "t", "t", "t", "t", "t", "t", "t", "t", "t", "t", "t", "t", "t", "t", "t", "t", "t", "t", "t", "t", "t", "t", "t", "t", "t", "t", "t", "t", "t", "t", "t"]}